,Id,Predicted
0,c017663c0f1bc67876bd44ee9cf56d1a.jpg,0
1,8d8f14858465fd35774402045eb3a95f.jpg,0
2,0bae4ad7c5c0773688b60eff85801ebb.jpg,1
3,388e38e740ecd4973fe4c3b052d9e352.jpg,1
4,4cf37e29e31fcf6d2cb67ededd55b1a8.jpg,1
5,40a0c5936062506c658a29d241f5674a.jpg,1
6,76c1b9e2b40296d0fa1c02f5f0faa8b9.jpg,1
7,36ef680fd5752a587cf9535541142880.jpg,1
8,012210eeab6b378bf2196219c1d78d59.jpg,1
9,dc289226fcfbac36b712c94df7523ab8.jpg,1
10,c9bfb8169cb11a66c8ad6c2dcde7c716.jpg,1
11,b78db2a9f85ca720b43d9807733d5530.jpg,1
12,8d8b9e741c873659630517b42701651a.jpg,1
13,ab703b05279d815e353829f424661c26.jpg,1
14,fd3c22fc71ed87a984a0b3a19165378d.jpg,1
15,432291d8a4bd499638c23e815b84468c.jpg,1
16,d97c22dd82e92077c2c5c30a4b0f82ca.jpg,1
17,ef7bd7c316570a7a47ad609bacc50a70.jpg,1
18,7541d3f39e2e2e271c85a6a00578fc0e.jpg,2
19,f963dbaf96df69da18a4d8b075f118ec.jpg,1
20,5612c51909016ecc780bce95b5413ae2.jpg,1
21,d7281898e1d977244b80be6fa48727a2.jpg,1
22,04c28c458cd07e95897ae108b8fd8bd1.jpg,1
23,07c860521f488317f6e424bf56901909.jpg,1
24,2eeada5605d82760628411d571cc0485.jpg,1
25,acd23f17e6568aa9cb52454547d5d5c9.jpg,1
26,bf900db77da7ee232fc63ef749ab2578.jpg,1
27,df649b44b0b5ecb99f9b5e8716546e71.jpg,1
28,58babb462543941d2c2c9b2771080543.jpg,1
29,3a97a59bf7691e12955f0ec1caa3c20d.jpg,1
30,2c524ac0d63ccf82fc6649e307562974.jpg,1
31,355ed9f01aa965806e3083dd574df41a.jpg,1
32,c89411e3b56e5eaf8c920ad174af5895.jpg,1
33,ec535f4221db98bda6c6fbccd8d66fe1.jpg,1
34,77b2d776d5163b45203a795545fdac92.jpg,1
35,6a4f6c9ac7a798b607a36b850c9504ac.jpg,1
36,31fadab9ffb3683a6a463db3b9d51532.jpg,1
37,d1d87232f7e2c5648f80568f2db480e1.jpg,2
38,bb6682b7d733857ebe0621522dc4cfbb.jpg,1
39,4b55853913e20098c125e829314656ff.jpg,1
40,78e547a348ded6a8604c098d587b7b0e.jpg,1
41,884fc0140529acbc312b657a5f7d8173.jpg,1
42,ed0db5ee96c7b1f011397ca28fec2de9.jpg,1
43,a5ac94219e8dcada31eae1cc9a59ef82.jpg,1
44,9c4eee2de0198137fbd57630f0892930.jpg,1
45,8f20c7839471672f7990cc9c3a9e733b.jpg,1
46,40f8fa9aa243d9b67ed75c95bf5ee7a7.jpg,1
47,fcdb0de3ca816835a9464355648131c7.jpg,1
48,71a2ded03dcc1a6ca0d542bd19085370.jpg,1
49,d09d3595e6b23443c359691992fbfb0c.jpg,2
50,7995c86ce578dd7f1488a4ca81026c9a.jpg,1
51,db71830d7684f109a7734bed569f5a4e.jpg,1
52,7c8df7de914e0059f106ef5792cb5c98.jpg,1
53,71a318cfdf20dad752c04aea8f5aa449.jpg,1
54,a62938637ad283ccd66a1bd3bc38c896.jpg,1
55,dbfca0e0a94afeeb1f85ff72e9b912c4.jpg,1
56,ae9be245abaa247199488bc897f60107.jpg,1
57,d7cd2aa15fc57ac7002f811c82d83131.jpg,1
58,2cbc77103b9f34f904fe077e5e5e978a.jpg,1
59,b44f8d985952acdae070762d9f6c44a8.jpg,1
60,c635655fd3d941b4903975911e937ea1.jpg,1
61,08476dd3aeeca3608124788b03610e01.jpg,1
62,ecfaaa57e31ac1831995a3754ff71037.jpg,2
63,c2f810b414567c6cda88f8f945a268f9.jpg,1
64,94dfcec3c4a549714bf202581db83e7e.jpg,1
65,7befbda74bb4ae13e815e91bfa1c6cbf.jpg,1
66,540ac7cd5a20916eb9517c2f5be04575.jpg,1
67,7d8f6d98a044fe752a874f0949dae8bb.jpg,1
68,ce699c16a0ca313c1e615abc756c5e9e.jpg,1
69,c2c18d727a63d895e036dfe382bbd737.jpg,1
70,4c4bf495555c5294dab539bf3265b673.jpg,1
71,ff4a7372fb96d0dd092fd23d26939cf5.jpg,1
72,83007a9e089acea2851cd287f071b1f4.jpg,1
73,32bd9d5622cbee62673360742f17f8f2.jpg,1
74,4a94ba1c06584738e6cc2aaa9996d6b9.jpg,1
75,04b5921312a98dd863040df2ca35a603.jpg,1
76,3c4662db1a5c9201efc060a3c2523198.jpg,1
77,3814c92ada648b586f026d1b1a975825.jpg,1
78,91a823a859ace7a9bda50eb533b81436.jpg,1
79,5507ada52f2042f15dd690d18cbdaa53.jpg,2
80,30188946837c4c4523d1c30f87cc723c.jpg,1
81,0047e2f345158743465f77a6bfb327fb.jpg,1
82,404b2bffecc90c4abdad57f04a6a6638.jpg,2
83,6cbd11a0cb3bf2724a4c4d2dff14c4c2.jpg,1
84,acba8cdefb8dde7fc07bd8cc29f7800d.jpg,1
85,2fb7b55dfa6e426a45c56b9418f1f685.jpg,1
86,83c866cd1b8cc0efc55a497de76e22c3.jpg,1
87,0840c8491dcf5456ba85fda181855467.jpg,1
88,1510e9c919c4bbb94ab1205ae5996749.jpg,2
89,7d5713ba39647c9ed46da506611bc97e.jpg,1
90,39890d7b4a87fc12cd6d4e4b1ff607ce.jpg,1
91,ba807e34d98eb0ad12ab566a2377087e.jpg,1
92,697595725928a8357426b9a28e819873.jpg,1
93,2f8a165463cb6b5c3ab8e6a929297f46.jpg,1
94,4ab6d9f6b576f56585c4fe0f13713b5f.jpg,1
95,c511cb62b6ab629047322b53014af4fb.jpg,1
96,8139ff65ef0f6fae54e3cfda4dd59cb5.jpg,2
97,fad981e89583dc59a07301f532a72527.jpg,1
98,33f26cd0f20e545b0df2502796944997.jpg,1
99,a7e09bcb9f38fba4da6132de52e9b6a4.jpg,2
100,d1eb079a33f123b99156c04dbd504180.jpg,1
101,4f3c2d6df739979733b29119cb9eff58.jpg,1
102,2f68f038e5983b20905a992a7b213295.jpg,1
103,d4d5ead152634685e74641a26fd849aa.jpg,1
104,b322fef2e08c416a1da5ba8985785522.jpg,2
105,29aa1f82cc1bd92bab780100dea5f298.jpg,1
106,f528423c1c7874f3e24685298381cc61.jpg,1
107,09707d8b2c15ff7a60eb49edbbf8d0ec.jpg,2
108,364cda6f70bf547621f4f3a9e9d3b1bd.jpg,1
109,61ad815be9b17a2712d2d148031622d4.jpg,2
110,dfd95deef18e2ca2c587d0ce8591fd81.jpg,1
111,7f58e5b43fe021f86f37f06f55199b7d.jpg,1
112,142fbeffd4f3e73ed4322f63a8cf0f1c.jpg,1
113,5667cd774f4e9d374afca57600e8e0c8.jpg,2
114,f8ba42361f5420e355bd62ac0a926b98.jpg,1
115,f7dc6ecc10d21e7a30acdb4b6bd4903b.jpg,1
116,5d3f16aabe3215cd1a08366e0d9c26da.jpg,1
117,f5a01a5adf47e392d12fd331c8b7d1c5.jpg,1
118,5388f125603c0701fb2aa0a6094d3578.jpg,1
119,0c406b9afd078e623b88c1e20b141577.jpg,1
120,621996d97153e47c04f7d9ee346ee84b.jpg,1
121,dbee906d527b5d3df59fb64762f104d7.jpg,1
122,4049a204c8dd8b345c346f588a57888c.jpg,1
123,051dd1e75f5ae2ba97fa42fcac12f876.jpg,1
124,1ddb7262935ed58d380ce6ad45faa09b.jpg,1
125,fdd735ac6861e55b7d1739d3816495b7.jpg,1
126,e1926515fadea1b387055ab75ad8678c.jpg,1
127,3337a85d829be167f610c850aa857a32.jpg,1
128,0a3d008c53164e346726be716b349e38.jpg,1
129,cfaa92a5dd4c5920f913cb2ec201892c.jpg,1
130,200425ea9ba08516a94cd9f48db8fc43.jpg,1
131,7f68666869ac0573cc395e55b8ec5d55.jpg,1
132,96889c1c8cda7fca2ba7dc5d098e92ce.jpg,1
133,9fe303b67fe27282a7b71adbc27ca6e6.jpg,1
134,ee8de7877b38e3da1e656d1ef0732b01.jpg,1
135,9ceed38b8f2999d3a9ab5fad2d99ae80.jpg,1
136,48edade4c86308ed2f94f16be796fa5d.jpg,1
137,2d5a926275db25b43180d63c41a8d470.jpg,1
138,b6f5b4dfe4849d72b0c87cd31a468add.jpg,1
139,74a65126bf11cafb11c45502091b02ae.jpg,2
140,d8edb4c11ba3ba7326e4897ddd8c70fb.jpg,1
141,1e312f3e74af7f328061d5a4153de915.jpg,1
142,31fb10e5258c7262e2d9ac3364a72046.jpg,1
143,3969d3f421151afd89bf78b91771f49e.jpg,1
144,6d12a6e930825f1c7c9ad10ae42a8a92.jpg,1
145,db2170a1999139cdcdde567267214fff.jpg,2
146,01156b21e5a3563f6596333d78974071.jpg,1
147,a440465f8dcc8d1fcc719ce010ca3537.jpg,1
148,3ed345d064a29ea1ee58f4bc444b05bf.jpg,1
149,ede95e4efdee09c30ce60117eb018c41.jpg,1
150,806724ab1401d17bdceb29970270572c.jpg,1
151,995b744a6f31d4c741dd43943eb54e98.jpg,1
152,da76d1696307c67ffd1e49bd78c6c593.jpg,1
153,5bb06fe0da8eda806ef0d10b1bbd2254.jpg,1
154,1589efdba8fcca5a11971462fab04158.jpg,1
155,3a678e9408cfb6a786a03c88c3194a37.jpg,2
156,228b531ec66e4df0ac89852455fb9196.jpg,1
157,c6acf983a17cb43a10d3c8966989ea6b.jpg,1
158,c636c7a2dda1ea592b4746c1fb9991a1.jpg,1
159,585d7442d0ae1cb34ae19c76217651ed.jpg,1
160,89f8bdde4bebbe944d67a686402f9795.jpg,1
161,fa115aec31ad1159422e3f18df328d3b.jpg,1
162,ebad6bd43116e38115a2faa7b0a27acc.jpg,2
163,2657ca05950e672ded252ba4ed0cf972.jpg,1
164,a5d81b567bb58773f556fcd64b3f533e.jpg,1
165,5b70a08706013766eb946b41cd4b3327.jpg,2
166,30601e6267d7fe7e72d7f3e0951f591d.jpg,1
167,abf49afb257cfd2b2a44ee137218ddac.jpg,1
168,8d1838deb52948870c1283798f288986.jpg,1
169,70a1185a16e9214ccaad6145d1370255.jpg,1
170,52056f2785c9b154392166ce53f28bab.jpg,2
171,9f2d826b2dc984dd786fb4272cfbc3f4.jpg,1
172,acffcf265acd611fdd82f3cd24ae5d7d.jpg,1
173,c5cf8f6541c116d3b88e0957771f4753.jpg,1
174,9cecb61bedee312d53618d977313cfe8.jpg,1
175,9667d31a696514010cff67330c6a7b9a.jpg,1
176,a259131b1ecfb16c13dc3a73910aea0a.jpg,1
177,7e8a2d53e6c4aa377af66179f1fff9b8.jpg,1
178,dc6f2a8872350cb24d8020036c586d95.jpg,1
179,273230b63f098c8e1ffe518851359675.jpg,1
180,e7f1ee1b64c6d866137f315fa01d0b68.jpg,1
181,9658976533f5c5fa5149224256eb669a.jpg,1
182,e3cfcfa625045b7609c759b6f003efa8.jpg,2
183,f004832f546d96708c075faf3bdb9a38.jpg,1
184,8db2bd61ac0ac7c95901cc2fe0052a8b.jpg,1
185,19725055b419ff00d270c41bed7f3bd3.jpg,1
186,0137ea3b5defe8927d58f53a078d5cd9.jpg,2
187,6795180ff8bd60a4faccb7ce3a249d25.jpg,1
188,d880a4203776bccc7123946df1ff2662.jpg,1
189,38c4533e963a99f27b02c5523cd3bcd7.jpg,1
190,348277d8f88d98f016491f0dd44ed3a1.jpg,1
191,4652638fee051fc5e83d6d6abd124fde.jpg,1
192,b1074dfce19b702c7aa74799c1bca780.jpg,1
193,152a341e12fe42201ec8268db985c836.jpg,1
194,3d0cef693cd5d41fb44e43390e091bbc.jpg,2
195,f804738aa8339345d1f405ed3d62c956.jpg,1
196,a7604c78be2d055f8cd04019bfec49b9.jpg,1
197,a1fdccb07a507cad723696c0fac3c42b.jpg,2
198,60528b79c97d46def9ddaa763aa22a2b.jpg,1
199,03bf24c4e3d39cd9a0d7358a60958e5f.jpg,1
200,fa010d8fe95ef7aba8220058482ae899.jpg,1
201,8894515052e5b5e38bc7cb8545ff6ef3.jpg,1
202,271608038f21b49a0a252c0e02cf0cff.jpg,1
203,9a259ab2e087101b94864912ca6a03c7.jpg,1
204,fe33a4da3d1a2ce92ccb8bc35cd9d051.jpg,1
205,4ad2ccb5e5e6801cdf1564e3e34ee4da.jpg,1
206,4cff668faa690bd11dd951b33782e6aa.jpg,1
207,547bf415911895a12e3709f3d7320822.jpg,1
208,db000847dbf2ed37e135049aee5ce360.jpg,1
209,f0c5aede7a409cbdf1533b560215c356.jpg,1
210,6fdb9714b83407b3d3eec36825e01a56.jpg,2
211,597f563348901aa95ccf37d933ac4fe3.jpg,1
212,74a30a89b875b6bcf37dbd0f0fc498b5.jpg,1
213,509c8c09365bff4c15cea985c4f67553.jpg,2
214,18b941eaec2e3432ec9c181c70b6e75e.jpg,1
215,015dc53e70faecc7290f7a99d35d4833.jpg,1
216,c528922782aff672b8512f608bc69b7a.jpg,1
217,11345d6cc26c5970ae1cbc452cd5d7a7.jpg,1
218,cc6601e773f39777f3813ebeb75b1ae6.jpg,1
219,a09c01446e20243587f6e65cbab98fd3.jpg,1
220,9d7828de53f5895cb837e4276b2b0c4d.jpg,1
221,f755cfb4826d4b4993a5331d34c38bfe.jpg,1
222,4dfa0f28af4a24d6a54c38a58ddf4153.jpg,1
223,a3801bf34476b96d584976703c9a5701.jpg,1
224,c616118e8bfbe8c651a914c3f10a702d.jpg,1
225,3fc95477e03900aa82832b4474fa62f4.jpg,1
226,ec0c994b14b014d44cd1a6e156e399f4.jpg,1
227,cafced8d41f4b93def255c2314171c8b.jpg,1
228,7ddef2d5e3be6316978295c9ba8bc81d.jpg,1
229,646c7d123318277b919bc21583c5ec8b.jpg,2
230,1eaa84f9d2e1b62b4a42a3a82d28ade3.jpg,1
231,c07aed816ebe465118d7c5cf446ec16f.jpg,1
232,151febf118e49d5734a6d74bc2395e28.jpg,1
233,3388fda1f474d3738bd47dae7518f49e.jpg,2
234,e7b40658dcd626c234cd22a3d74e27f3.jpg,1
235,0f5aab74763f1a173a2354ecb45b9ad2.jpg,1
236,20b1132e497ee831fb411aa2cbf6670a.jpg,2
237,cd792c0d705f1294dfeb1327fc17ccb6.jpg,1
238,a4914bf52050c33a9f5e7fd4d45dee4d.jpg,1
239,486143522891821b5e14bd53e416db7c.jpg,1
240,7422e810f7cdaf438510405980532211.jpg,1
241,ab04e8cc3a8fc7a0df5312d43193089c.jpg,2
242,bd5306f0a09ee78cd805320775189639.jpg,1
243,83f84e1675c30787a4259771907616f1.jpg,1
244,5998b9b0d0884edd6ab622a5270b5994.jpg,2
245,54f8d2b46b7bad392db27cbc154a901c.jpg,2
246,b5d659172aab3def392022d9127dbf3e.jpg,2
247,ca6180ebd16f7476c4eaea2166072ad2.jpg,2
248,082d45bb47101747876bf8f553b11ada.jpg,2
249,5efef0ac627e62a4006917ddae2160d9.jpg,2
250,e80a7e60ec1e2e55c01a5eb3d1d11b59.jpg,2
251,42bb0748d31bcf68175a07d82e79d8ad.jpg,2
252,71ccfff7507d7aeb7ca7eaa3115570e8.jpg,2
253,479bb2a7e2757dcf87d32b6469bab44d.jpg,2
254,8473a26669a2ab034a9b793bf52ccb64.jpg,2
255,89f1af8d8efe4e619f9aea9865bc628d.jpg,2
256,9f72dc1fd064adc4e29bc822d34d6cd9.jpg,2
257,fa4d90b167e463d42852b0789b4bc930.jpg,2
258,df2a0968a97a3e94cb969933e2b53bf1.jpg,2
259,8ad84a5497e76164f5daba6a4e7d71c7.jpg,2
260,93861f19f8a2b0755d30d5cf12bdde43.jpg,1
261,620a66df29a6a3664c8954076ceaf4ef.jpg,2
262,7e5f9b5008cb6e3b06fc3e74d6b055b0.jpg,2
263,7ab0facd474901961b08b1612858b47e.jpg,2
264,fb81703cf38b77f6ef94cf2a11f24432.jpg,2
265,959ed60e57748bddea621fab8c63638a.jpg,1
266,bb827c22c369db27c4704af82601b90f.jpg,2
267,014b1273b5e02c8383d763d3d9a51d53.jpg,2
268,badd700adf5c992bf5495723ead9a8f2.jpg,2
269,7438b837cd8fe72f7b13293095db3ef1.jpg,2
270,9df58e7d18c362b3d497883f33c9101a.jpg,1
271,7711870ee96a4996e531ce09b766cef6.jpg,1
272,c82953ceb9d5b3ccc8448c6614e60bf5.jpg,1
273,6bcadb3222c7dbdc20f28b469e142467.jpg,1
274,dcd4e353b014461f055d609815117f4a.jpg,1
275,0e7d7956902a544705a577ff4eec4cdd.jpg,2
276,98cdf021a3496254e0d39a3cbb8451e6.jpg,2
277,58431acd5494e14e8e9b1777981809f9.jpg,2
278,e33f186c9c2986393a691301f033fe5a.jpg,2
279,2488f9a1febfbe395e74620a48d8f831.jpg,2
280,6c25ec50b1276ff44e84c047477f5cea.jpg,2
281,6a47fb0e1f91da0e8a2a245f26081c51.jpg,1
282,208c18685fb5689b93cb2517733bbbc9.jpg,1
283,07b6a887a71a1560b13641276946937e.jpg,2
284,a8fdd9cfd1773410903147a9ccd4c1a2.jpg,2
285,eb9e0c4cb0d697af4808271ba0f2e18a.jpg,1
286,93a4e088ec5d8469ab51aca4a2dd7da0.jpg,1
287,0a3a4368b8f32dd64265fb5e3e8bfece.jpg,2
288,a3f16d70d64ad1f5b4fe0077dd977543.jpg,2
289,91be3739f8d62ca5afcc32ae788ba0f5.jpg,1
290,4046dabd087d74d3ab07694dcc0b5721.jpg,2
291,d459527302323ed3bf91df9d881b5da6.jpg,2
292,ef5fe1188b58826c114faa40dcaca84b.jpg,2
293,f3ee46c3aa6c4e7a14b0cbcc58041f87.jpg,2
294,5562a177b062cc881637880fe0a6509c.jpg,2
295,0e074ffc801dde4bbf43f3daa0754f78.jpg,2
296,804e260b78b37cf060a2a2736f56a38b.jpg,1
297,e6ea778eb7050f4d0e0575a7380a8536.jpg,1
298,df9ec557084e7b91ef705b9340810d68.jpg,1
299,96c3f5f9717831e6ea5976603fdbf925.jpg,2
300,bc2b9b1ab6b4b17bd48ec390f5eeb1f3.jpg,2
301,83f15b19b6381b1dcdfbd3e3b89095cb.jpg,2
302,4cc6b3049861144e3e856875fdc4ecd7.jpg,2
303,e47ee7cdd0b75ab7a1dd4e3adebaee69.jpg,1
304,c30ebe3b3369bec9a8cf8da513fd646d.jpg,2
305,8c18674884ddd66323e0fc65d94dfe51.jpg,1
306,3cd6a571729d875b88f2bf89f371cf92.jpg,1
307,09eefe5483e1898695590c3b16613187.jpg,1
308,cd8d713b26f7af3f7af36cb96c6710c5.jpg,2
309,be75d8716397096fd42ea219011c03fc.jpg,2
310,a4f4c3a53710dcb24868c4b91bfecd21.jpg,2
311,1a465046463ff548498b5bec54052d32.jpg,2
312,7d189b0ee93cf206bd1a1b8b8585cc1d.jpg,2
313,7ffa9b1b78842815af21abee3f90122e.jpg,2
314,54dcfca4a23e65797d87ed94c52c0b13.jpg,2
315,d6ec88f004c0edce33975986da63a49c.jpg,2
316,8ea2a939c2f53e7179d557b8c38dffed.jpg,2
317,e4237d58d20f4e6b80a1c0b840b0bd88.jpg,2
318,d5e04a8b13611e6c3b413cf7530d5e41.jpg,2
319,7d0535c0f1081a53dbbed3cb65fde25a.jpg,1
320,32c3a509bb9404a2fe81e55afb4e41b9.jpg,2
321,5e9b5587a414cea0a7feec5e2451fb8b.jpg,2
322,a18f01d7790717265a6fb38ddd4c4513.jpg,2
323,be4d4f0f92c33ea4136752ced3c9f11c.jpg,1
324,b0abfefccdd03e5003780572a820d1e2.jpg,1
325,7469870117fbb1863b123390bce5d5fd.jpg,2
326,8750e0b70832444db08d896db9bc6b90.jpg,2
327,b5629f6073aa4a8d9183807d71b02472.jpg,1
328,1252c566d8344e1697d075e7c19bef34.jpg,2
329,f812b98d5f5aa2904d06fe6ca0147adf.jpg,1
330,2feb2b4d95f69105e62f5bf54de357d8.jpg,2
331,f63f2db61599d808f5fc598634ef1d6f.jpg,2
332,5488c0ed34551ab964af233dfc9f2fb7.jpg,2
333,6759b4a08339e86faee1ba67774f9ea8.jpg,2
334,32ec5584698563f5d3de974c9bf0dbb1.jpg,1
335,67175f5364610c4944d9d7b60ae4d579.jpg,2
336,caca910675fe091db1295a8c18c4cfd7.jpg,1
337,92bad9b38306c17d9e0a3bd15e84261f.jpg,2
338,57b15c524727c431f3fab78c648788f7.jpg,2
339,e540ffe1507e19b6f09a1922b120d1fd.jpg,2
340,40ef79f290b2f6c0bf59d933063b9b2a.jpg,2
341,2d9f67e471716b788a959033711f9605.jpg,2
342,0c4fd125ac6842c548ab5b750fa00c3c.jpg,2
343,076db2ccdc977eb261ce4e8faf36831f.jpg,2
344,f846db1141bc0607341b933d1fa4bf1b.jpg,1
345,7d5a42716f96c33a5389a83bae16e59f.jpg,2
346,4ebb989c74f51c6c0bb8f7418b98dbf1.jpg,2
347,85c4c7ec6f751e428097e01fdb0c0389.jpg,2
348,da55d4c20db46446456215de273f8bbf.jpg,2
349,59c6d4f8b71451001c811aa8908e6b88.jpg,1
350,9eb84d2f87405c17ead836d10c502ded.jpg,2
351,2c71b07753b12ee390907809be71f101.jpg,2
352,235b83a9045efbefe4c063bdd6eefc88.jpg,2
353,f098ba3d174fce61d5a1d29010d17a71.jpg,2
354,4b0eb0d218a416032ac9cdfd17152051.jpg,1
355,94a6de382c6a84497141c910bc099260.jpg,1
356,fbff0018cc8f1c939816ae3f2e8c03e7.jpg,2
357,2dbed98f88804aefd87f1b821fac59ba.jpg,1
358,ee2cab9ef4e980a867c034c9d8034745.jpg,2
359,e1ef8ff681946e333f2598c3db5fff3e.jpg,1
360,d635a47c1037c1dbfb6b64177742f67f.jpg,2
361,19fca0c17c6327ecdea7ef6527da0f87.jpg,1
362,8b0990490ce01eec9eeb318b17e2390f.jpg,2
363,625e7c764a518b0c036ae744b3412b10.jpg,2
364,a33bc8aca24de9287dc5621c2897a651.jpg,1
365,c8eeac31ad1d503d1977e39a17bc742c.jpg,1
366,2f580792cfd780220fd796ab13e5542d.jpg,2
367,4fb0a77d7d71f1fad91c3e0d8234b542.jpg,1
368,5756c6bd2863239a5d4886e737ead877.jpg,2
369,5383a1e6e99a6adefde51c59c024b89c.jpg,1
370,9d1c2a74a3c5f3a19e09c134bc442882.jpg,1
371,f1dc48ef11e36228b2895a50b772534e.jpg,2
372,ee9c743c56552c4a45d6bdfec049b68c.jpg,2
373,85d99b3c685e799fe397ddcb43dedb5e.jpg,1
374,088edc8fac2a121c570237cd539dc2eb.jpg,2
375,c6e6ef33eafd289b1ccc69c89d1b112f.jpg,1
376,33f306c5f8267c9d01685e84df9643b0.jpg,1
377,3d5b24b2d4fe2309d3336d11a56b09bd.jpg,1
378,9155c693720f956d269db6e733f4c511.jpg,2
379,166579d7de90b2b540d1c1be901aaf94.jpg,1
380,a41783ebdcab45c6ebf7e9ed82781636.jpg,1
381,9687a9377435bf84894f5a5785a7fa03.jpg,2
382,73436e6f21b22e9414cc721be611ff28.jpg,1
383,e67ba15a77d4ca809142802a930b7bfb.jpg,2
384,58250e59b8d08f97662bb35af702e3a5.jpg,1
385,25076d4c1525a5d45064586fb6c2aef7.jpg,2
386,0efabf3377cdd3c5f1684e03f072efed.jpg,1
387,a6ef4381a1c02fe58e793eb66bf1fea9.jpg,2
388,85530ca8c2c9535558a678750143994f.jpg,2
389,02ca8eb364c3d42c48052da133a21b2d.jpg,1
390,f5c29e3da48c52cb6b50f2e93d14333a.jpg,2
391,be24cea2d239f836af1fec3182145706.jpg,1
392,fbfdfa1415cbf99364d097a0e1d03891.jpg,1
393,367dd2887a1478adec9b9d3be35c0c41.jpg,1
394,dfab0bba759749fe93f7c94a95485669.jpg,1
395,11955764078467b4f29b7aaec55686be.jpg,1
396,ac5b5a66e6f4176783ab12bc1b315d0d.jpg,2
397,396f38868685e8ac6cdf0e2c633ee3eb.jpg,1
398,1d0f649573fbbe1a4a137d1a3fdb0079.jpg,2
399,989acd894053c8cb5298dc668b00bcba.jpg,2
400,0b56b85cabf9d0c284d55580aa976dc3.jpg,2
401,8b2f3ba4ae4f34c9497d6aefcb97dd3f.jpg,2
402,6560adb5ffe11a8893499af15fd89f81.jpg,2
403,46210b9e7c01ee0124aa524032227fb6.jpg,1
404,a06d5b9a67d34822f104764fd0e3ea6f.jpg,1
405,e4bcf28d2a145910c27d855135146151.jpg,1
406,65ca8b95f89f34a8f11ec14cafd0750d.jpg,1
407,00096476a7ed53aead65a3544339190a.jpg,2
408,045d911876c353150f6127ca4aa1fde0.jpg,2
409,37881ff13d7aa14d09a962b263ff821a.jpg,2
410,539cbdf59e89328a8988da8580d629c5.jpg,2
411,0258820ae384b44df87138067292980c.jpg,1
412,3eeba7f33e85fc6af7ef8f127dcc303b.jpg,1
413,ed0a086261182bb2e9377f3fe499c946.jpg,1
414,6dc7c895633036b52ede0442255d490c.jpg,1
415,de205e03990f9e0956946dfa2b368a00.jpg,2
416,d8792cd961f0eb5a4e89949f4fb0714d.jpg,2
417,db4d27cc19384ac2af27404487ea86ab.jpg,1
418,c6baac4cf2a384e552e41c998649985b.jpg,2
419,192b5e300e2b327abc0bfc63de1c4d38.jpg,1
420,8db2486cc4a17b4617bb7222ea86e4bd.jpg,1
421,16fc658f1c372a3a48f4192d90e24203.jpg,1
422,d6861f079866b3d699d9bde2c1c126af.jpg,2
423,6110994bf19515c72cb46a316bd1ac7d.jpg,2
424,f8eda22df41e591731626cc74c8a8e86.jpg,1
425,b0504525d81c6497cbc9695e4457c1fb.jpg,1
426,547e69d6288109ade4e55a7a01a9e8f0.jpg,1
427,239d5cb6dce9038b2f04bbbab8f31745.jpg,1
428,d352fbb4dfa54c4cb87d89f793404aee.jpg,1
429,70ef53497bcd01e0d848ca16598a3462.jpg,1
430,d0678bc3ab471130fcd6041d7e4f17e8.jpg,1
431,656f043a7a778833c3ea6b339783e634.jpg,2
432,5ffbb0494cdc65345383a16bc0cc4c2e.jpg,1
433,3427320a29d2eb2534fa38fd537ae904.jpg,1
434,ab1b3f62ad9da3228eba29cd8c5bf79c.jpg,1
435,618a4874e90434eab05dde24a6373fc0.jpg,1
436,f15fa64912ce940c00cb09c6e803bb8a.jpg,2
437,590bc9944fc42fc886c4838bcbc62c30.jpg,1
438,7082735ecc56947d5cb72b20e8ebe065.jpg,2
439,0297153ac46d44a4c00d2246cce5d654.jpg,1
440,038f32f200b523e8c02ae170d0cbeaaa.jpg,1
441,9574b10c6a411b274f9b84d6135080c1.jpg,1
442,a3951e557ee6298e74cfd1fadf9d3d3c.jpg,1
443,7999f07f5d9f7751a75fa301c1f1702b.jpg,1
444,33fb0dbf2b6acaebd72c95fcec5d933c.jpg,1
445,ff25058c116b40fd643f467d063a0667.jpg,2
446,b05ed553af8068e9102ddde380f5a98a.jpg,2
447,ce8d6ba37551117b90a029d53bd1cbed.jpg,2
448,9d8d55c3c4df035f4ec4afb35767cb4c.jpg,2
449,b216dd53ee3a0e4fac1ce3646332e9fb.jpg,2
450,7e291be454f73c21ccb3e22d850fdea4.jpg,1
451,9e09c058b709ad0be48b25a6d40787e2.jpg,2
452,639388b3841af3479313a7f7ad7c438a.jpg,2
453,e181e1657a1f7643f2d8a8997f87e44c.jpg,1
454,e354b9967f54e0810d80705cd3bd09cb.jpg,2
455,8c886fa04746b00d5df026d094169c6d.jpg,2
456,55b1fa4fa59a5ff407468da763a99a24.jpg,2
457,463ad208a24b40e2cbd888f02698527d.jpg,1
458,aae73f8d1baa9c8c9254eae56b89a2c4.jpg,2
459,bd6d131ce589952962ecfd7b886698a4.jpg,1
460,89e8ab76abe4240ad0b9130039695a7a.jpg,1
461,d70f50fba25dcc6950d6ad33e6d71e9f.jpg,1
462,5f95fae090263a3d98083fdbe83a4122.jpg,1
463,f61a098279841587a48890de47b3ec8b.jpg,2
464,7b581392824683f38161fd34b68a700b.jpg,2
465,debc5c27926406e9e4c0f2c2fb38b8df.jpg,2
466,e00dd411cef561b2f60286516324c781.jpg,2
467,91ebd7d01d763827b223c2b9b8d9fb4c.jpg,2
468,3f78d7ff133e2bd154083be98f230356.jpg,1
469,39d3fa6a4b28c1b4e454091815ab7fd9.jpg,2
470,b4c8bec3db61c573f0fc8e04f7a724e9.jpg,2
471,e2697d252097ce5b113de93421312643.jpg,1
472,245e1fda4b2460f14b2174cd8f0c20fe.jpg,2
473,4bc1b12eafa4587ac8a3d43943c3278a.jpg,2
474,9902a3d21fa392553f0ad734ab4bc27b.jpg,2
475,4e7548f01db81f1a8030077934888fdd.jpg,1
476,8675d37a6161b5c8503d0815d6866896.jpg,2
477,58595b0083dbf268d71f7951e274e989.jpg,1
478,0d66aed70e17ceb8eed757b28dd73ea3.jpg,2
479,2153928b7860e8eddbabb2ff0d970245.jpg,1
480,7ac6fa7bcde3c315bd943c98d9b4dd15.jpg,2
481,d539b425ee09d40a31a604defe144218.jpg,1
482,c0ff10a560b672e54b07c2c9455edc5d.jpg,2
483,09d76a58c39751a776f4e3b2a28f2309.jpg,1
484,abb3241091f30693fa02e014747492ec.jpg,1
485,5d73265b8948ff6d293cfc7dc086f640.jpg,2
486,92459ecffacc1f037d611b2be0443daf.jpg,1
487,51adb46eb8e1b2db3420a94e68b26c53.jpg,1
488,29f8538b03debba02e06b40a66175712.jpg,1
489,ceca3ee60723a68154198688b5a19af7.jpg,1
490,1677e6e873baa5cda0d6fea84aca24dd.jpg,2
491,bc165e4b25c6c5c0f96424f26d36a2d7.jpg,2
492,512edc8ca39bbfa769bf8f94265927f4.jpg,1
493,c8760890290e71c0cf15b055766e059e.jpg,1
494,aee8f705b05bb6784b6276c347f4e3c8.jpg,2
495,7514173d94b3a42da5f358dca9d635bf.jpg,1
496,56f495485758a7b75b6e9d0e0e4eeb77.jpg,2
497,2feb5f523c144df75130c054b3e020d2.jpg,2
498,d9752a52acd0e93b3ec9bb05d6471c5d.jpg,2
499,0f1ee7e800892c8ee1db2b3f6e0fc103.jpg,0
500,3bddece6c61ed4a3434eec58d4ed72b3.jpg,0
501,645de415e2556806387f7fca48883a70.jpg,0
502,7dd0e5d73e5a3c080b5dc21c80cffb13.jpg,0
503,d0ba08b169d47fdf6b6ad40ef4b804cf.jpg,0
504,3257b7b9a0b0d082ff7a69fd0ed69a2a.jpg,2
505,4f273bdcfc948e0207c8f991b2f695f9.jpg,0
506,a9aac7b62315364e95d4fa9b9adc3287.jpg,0
507,d7aeedb6650de2011f66cec5072ee092.jpg,0
508,984cbd6930e2c49e1e0fd426c495282e.jpg,0
509,4610702a1ffbbf6a9cfc176701709b9d.jpg,0
510,829cec329f0f97b6ae62bb3203fed39c.jpg,0
511,24e70433a00efcdc8bda0bfd22e0b2f0.jpg,2
512,b7c55bf52f6d4a39e11ebc09f9238d1c.jpg,0
513,9fcf9add41b81c22a80ebf31969dd290.jpg,2
514,a54a9ddab569524a730f421abccaf153.jpg,0
515,403b828859538db254c82e4af94a1ce1.jpg,0
516,dae5c647a92ad23f01881d929a6c067c.jpg,0
517,313dcc8bd07afed9857342fff07a8126.jpg,0
518,039e1e1f07db76244ce53c0a3fa1297a.jpg,0
519,7d02205badd4325c6f720a36d2b982e9.jpg,2
520,13e72db3dff0261e06e82ba44bdc7330.jpg,2
521,868a3ecab0c216475609fe80a4530caf.jpg,2
522,dc4cce51a084a7252850295c3da89e9b.jpg,2
523,eba37ee2c1bc081bb0b46ee93db358d1.jpg,2
524,cbb1d70db0a563298705527a7d616b31.jpg,2
525,223772cc4ef84ab916d4b901cf5eba98.jpg,2
526,428002c2e96600a81041faf3bb471efb.jpg,2
527,7fd6d67855bbf8b8a6cce682411b05ac.jpg,2
528,be488f71556d55c7ded6f77afaea7fcd.jpg,2
529,6c9c43dd7cdb4d887414a391a9e0e07f.jpg,2
530,377a0c6ea545aa34efde2b6e193adc49.jpg,2
531,268d376c51fb9e46e3fabf72baa9c25d.jpg,2
532,67770f58d3131b43dcb317d320ac851c.jpg,2
533,cf3bd7477228bdf6e8b00741eef55179.jpg,2
534,e746d5df5e51319856202a4926b91059.jpg,2
535,fa11987ecd69aebb56269a8245cad9c8.jpg,2
536,079a0ce01a2d00a8cf6f19df00cfaccf.jpg,2
537,ed258e55a4778b3a518b48d76f619b12.jpg,2
538,ba09de9b82e5c894de243e4e7f7a3f8d.jpg,2
539,fae6e16f27ad597307704cbcb53e8037.jpg,2
540,6d898b19aff622d558a35e842b6da347.jpg,2
541,18799a15683754233d9e18a32838ecff.jpg,2
542,6ad10dcd39c145ef39a16ee89e1bdd36.jpg,2
543,4075ea51674b2538afb9b5442ee9167f.jpg,2
544,42f0a7ca4c46c9dce4e0ac12b0f38689.jpg,2
545,665458dbe170540df3ee7bd0f78f9112.jpg,2
546,0b4897a2b691c7a1cb2916173330cf56.jpg,2
547,a86386ff202ee5bf4ab81793ede453aa.jpg,2
548,16597b272ef0e5a21998662e954089b2.jpg,2
549,f94b51b035777bd51654da1dd3e1adc4.jpg,2
550,1f3d0c1ee497b564f533935d822f46e2.jpg,2
551,0f6a6107d0c91b0df0a4a9a90571ef69.jpg,2
552,3c212e53ed468abc775ab5dd546f0d89.jpg,2
553,e42d7caf2210163f08e3c09b972a0f1f.jpg,2
554,26d6e641c87318e07c34559e3c460321.jpg,2
555,44943790c5d47a1454677ca7b3a45ca6.jpg,2
556,ecb9750c9ba85b05a33764ed98ab6244.jpg,2
557,92d013194f1be8ab0fc5d9a331ee1ae7.jpg,2
558,645ec3d53eb45c6832e2b56a8b479d1a.jpg,2
559,c3e563d7a82c729634b99c9cce8f48a4.jpg,2
560,c97a14ed4dc84e87f9000c92d58a6a01.jpg,2
561,537badccce91c39dd1478e819a3a6995.jpg,2
562,aab2df7de1019dccde8cf3ad8e681ef7.jpg,2
563,dc1f891becfd49824442aa0b49cfc800.jpg,2
564,71f14ec2bcacae39063b20c02a14c330.jpg,2
565,f63936d2710857b934d6defdf639a796.jpg,2
566,2a0eacee2331b0c9a901e9de3a2e617f.jpg,2
567,edcfd56654659829a233aee6e5624801.jpg,2
568,5b15f490bf71c9fb7c5aea1c1b2fa887.jpg,2
569,e92261506a344de91690285cb05bf37e.jpg,2
570,6d24039454987fc6d613ff72769737e9.jpg,2
571,df7e0d99d95c927459e54d25fcd65338.jpg,2
572,879ba4083a23849e274c67cecf0b0d99.jpg,2
573,0264ccda94349bbe6dce7eea4671745a.jpg,2
574,145153b7de287c55f358a59add75f2a7.jpg,2
575,9303dffb9b4f3b1410cd69d8a0ef6729.jpg,2
576,d5cd036a2a43efbcee172e42ae632e7a.jpg,0
577,753b4826c49dd55debec01361c95ec0b.jpg,0
578,09879f3ed89fac6efbf981c46f5b9b14.jpg,0
579,277f24693e819af6a07a19920e43c95f.jpg,0
580,4fd5de02e8db8d88bb63b3ac0dd01067.jpg,0
581,6042a2ef33bf3b6be65bbe2a4e1480e4.jpg,0
582,263f58c586da711c6e0c49101d415562.jpg,0
583,d07f48a1f6b7555c02bf5d8c7bd5bf8c.jpg,0
584,e33d9de71546a2d1aef6a7555686afc1.jpg,0
585,ef6c1b9432eb568abd33301e9522393c.jpg,0
586,5294d311d42ec8c28693a141449f6860.jpg,2
587,ad9ae2f091b4d27925692dc7c6e309cd.jpg,0
588,bd907372e628e014c3194ab8227a6700.jpg,0
589,de8d6905b179304416ca18481d87cd91.jpg,0
590,5c247a107f69331da49ff2ba4bc2c320.jpg,0
591,78752a9dcbd14c49fb39512ca33ba862.jpg,0
592,3281a8a71d1ac3b2ae280bce4339be4e.jpg,0
593,e63c1e2019ee7c9018dba2c5a68fae07.jpg,0
594,7523253d5ac5f6e735cfdc4de6119734.jpg,2
595,e11affe60aa2dc833c239a607892db9c.jpg,2
596,e848f60b874558cb57af89725befe22e.jpg,2
597,a96e9ff6fed75c02acc6f9a25e6ff246.jpg,2
598,cae1639d417148a484d7d19470409b98.jpg,2
599,3cd2004ccf90c56daab5651985e18222.jpg,2
600,3755bb812ad4d18852ee4bde4343227f.jpg,2
601,3e37479e71966d2f4cea3f100b5acd42.jpg,2
602,ada5d8eef6e7fdfd4b59219d77b70fdd.jpg,2
603,c145c863c7f704ac8afd2eae0f766ebd.jpg,0
604,77667e6285e06845ccdff8c14344fbed.jpg,2
605,f3898f257c7ea0c5ae9c8a16eee98c84.jpg,2
606,9c9cb7eeedcf07c3d9db05cdaa344d3f.jpg,2
607,9f39e424647af7b43015251f18650b07.jpg,2
608,1de1209a45bd701345cd3518a33ce5e7.jpg,2
609,b1f590a62d4992ac9c9f071abf9af5a7.jpg,2
610,a90b0caeaf4cea8a13f7dacea7944fb1.jpg,2
611,c4cc91f3f570720d4b25dac30be2fb3a.jpg,2
612,886f83a1c894c8b576fd436816d1fca6.jpg,2
613,9928336bfe2f07eb7364ef6f7017670c.jpg,2
614,55f57fc550ea5afe488c74ce83b96267.jpg,2
615,711317b166a1975e8165331328d0bc0d.jpg,2
616,745f413e646edfab2de260237e35c7a1.jpg,2
617,ca5a4917c3a8632a2bda5c71fab68353.jpg,2
618,a89560b48d0a2b14cafed9d630bb6447.jpg,2
619,d73f4b1b61375ef3d5fda10085e5b37a.jpg,0
620,676c2627dbcb016089d77557a4b65694.jpg,0
621,71e73994dde5c28a7c2e7cfcd014c9c1.jpg,2
622,d96c9a1817651c3aba3c260b247007fc.jpg,0
623,aeb0f64cd6ea0be8b4cb9df02f4f2e84.jpg,0
624,2acbe4255c26b917da512c2a4de47bb9.jpg,0
625,826860c99b43f95bb71b4cec6195feb9.jpg,2
626,9589ab1063653f89167917561043a785.jpg,2
627,a4dfe4c7e071c02975dd87a944ea1d78.jpg,2
628,2c7b99dbdafbcb8e242a84392c5adc87.jpg,0
629,027dc74ae2897024fef04f9f79037092.jpg,2
630,6bda57eab41e522c33fadd65b75c4d49.jpg,2
631,d7d0e4212d2fa461ff1397871639ba7d.jpg,2
632,dbd8865d8cbbeed2ed98a270f9d246dd.jpg,2
633,7f171572543a9ebc11160fccc810af1e.jpg,2
634,0bfda065456ccb5ee0311d324e35d443.jpg,2
635,41cb7f9f1abb1fa5593717ca48ef8038.jpg,2
636,5002628b94f1a1c33076b13f4fe61cfc.jpg,2
637,362b0eecfdafb8852dfda61a464c79cb.jpg,2
638,339b62360c33b55d3e83dc5060b919f1.jpg,2
639,2cf0c7066000407f4f2e78be5350bb1a.jpg,2
640,def935ed818c3424a32643211f99ba3a.jpg,2
641,841b8de3235353c446444c6cec004d9c.jpg,2
642,719675541dfcb82802e77386ed350b5c.jpg,2
643,10a65ba1d110c3f9c1a85bf463f22cfe.jpg,2
644,7fcf584b843a3f69ca9232e7ba937830.jpg,2
645,dae9ebfdd43c44ba0795d3faa0428e04.jpg,2
646,bd12355f75f7792592aa5f98b19221f1.jpg,2
647,e45c3505b7e59d6e86ed4a3435602c2c.jpg,2
648,ddf2110d77c361f77679f7426232187e.jpg,2
649,85dde14f4028a33a5becd63519e20759.jpg,2
650,1565fa0d22a5aeabc7d001af9185ed66.jpg,2
651,c3cb967ab11912086d16fb7b9b89425a.jpg,2
652,0556739036d0002d5819e69cde414ae2.jpg,2
653,eee342f0f1b87d183f8e37abb471b6cb.jpg,2
654,c657c0fe37ab7cfb2c5d580f7a670ffc.jpg,2
655,2605751a4db755c70346e00b3096dbcc.jpg,2
656,48d444e4691a48951f62af2f601a2d99.jpg,2
657,58eb28f308f278a105e99b5318e2dc82.jpg,2
658,7483ee74c00ef8ee520bd6a10d4b4c1e.jpg,2
659,3879da3899093635f2767d855f7158d0.jpg,2
660,d3b0419e3211e580ed2b428690cf4fc7.jpg,0
661,6cbcc50602dfaf39ad335e37da9999a6.jpg,2
662,3434be7755ec45a7a8ddaeda3d0373c9.jpg,2
663,5a9bbe4c22e3f40c2e950df11dafe23d.jpg,2
664,bb09d99e993fd8f0db1140213aec1409.jpg,2
665,26cf8e8294965b00284695fc2604a1fb.jpg,0
666,93b9726a28ccfd9fa969b935d6b8c57e.jpg,0
667,1c1dee8dea2f8e026fddc65d769e66b0.jpg,2
668,18f2b10adb83f60f21595097357e88cd.jpg,2
669,6a131eee53eb65bde07aef5e5ab6edf1.jpg,0
670,1b6db0ce249641bf60e0a4f8f0faa99e.jpg,2
671,bca50efe27de4702f79b9c7e3c984b62.jpg,2
672,49d76539657cf38f1daf9da0f2e1f13d.jpg,0
673,65ae0c1e792e69ab77046c31621c7464.jpg,2
674,695c22b236cf927c144ad55ccfa8e442.jpg,2
675,90b44c051637b10315279415f65f844b.jpg,2
676,88b0477f5d25b4485a72745b67f9ee97.jpg,2
677,b99aa500f17478f51eb38b4bc2783c1a.jpg,2
678,9ff0b254636ee42cc0fa4b0a31a1a0ef.jpg,2
679,4bd44af3c65ebcf52b3020cd87c09477.jpg,2
680,7f0de9bc39387d9b4fe2a7cd35742b01.jpg,2
681,5f173d2c50620ae7a6c0e03cd509bf9c.jpg,2
682,046e06583a6153a1981f894f4c24fe74.jpg,2
683,fec8942bc5ecf1e89dc94dc425df7728.jpg,2
684,af0f201c990d537c6bd271af6913760b.jpg,2
685,7c5632d9429f9c7841df01f701bbcb57.jpg,2
686,310b3d1595ceb7122f57625e04950d25.jpg,2
687,df1a8a668e0cc6ab4743382084e34b87.jpg,2
688,335fa260bc6b242fba304e798fd52c3e.jpg,2
689,bfcebf719b63106aecbd753cc4f45041.jpg,2
690,807531d135f85179b26abe2999fcd160.jpg,2
691,33ee7baf036c86bc8d84c5203b44205f.jpg,0
692,32ec9b81afeb47865d5019fb65ef8f17.jpg,2
693,5f2428a274451bee9a486c883a9b3e1e.jpg,2
694,3840e64f3ad6200576fd0942e6ef4827.jpg,2
695,17f478614cbb2ab6afad7f203ac431d1.jpg,2
696,711d66ecf39e0dd7ff4ef447c5426d85.jpg,2
697,6d90088e32ff428d23b4524a8e91d9a9.jpg,2
698,aae5832af0ddded1cc8e2f4d2910e6e8.jpg,2
699,166b44e04685a4e18469789c0eec95b6.jpg,2
700,6155b399a4d80e6af0b9b56d289eaf30.jpg,2
701,c2a3b7cff3fd1ce6727a1b9ea2276be9.jpg,2
702,03b3b848fdff4528023be7aa3b070200.jpg,2
703,3567bcccdbbdcb7cc8eae77b908c00ef.jpg,0
704,b46bd0e828a71fae76a61d6933566b81.jpg,0
705,acebc11b59c5de1c0a209127c7671ea1.jpg,2
706,1623d1b993c2ed440b064ed15701ecb6.jpg,2
707,4b0ff33157da28ad8d649983af08bad9.jpg,2
708,92abca3cd670d3bc2b5812d57bb6adcd.jpg,2
709,418593b022f9c6462f23daff9f7a6f48.jpg,2
710,915567ec3298cf08efd50d5b0722f300.jpg,2
711,71f3596a4a1c918b6e823dd9b421b2dd.jpg,2
712,ce298740f17ef5561f82042d4142ddbc.jpg,2
713,50b03129c64154b3a49a184671acc23e.jpg,2
714,b5ebffb7ad5dcde1c58a4003a0b69538.jpg,2
715,3a260e3a810baa90b8ec21639c672a9e.jpg,2
716,fdde77b691c3e4e30e5eaad995dacf3d.jpg,2
717,cce6b8e74fd875b0f4b107fed7a333e0.jpg,2
718,be801ddcd2a0c4f631c18496de5def01.jpg,2
719,8133840888764f52efe0ff5c503aab3b.jpg,2
720,eb07557314f942e13f0b81efb45fc6d9.jpg,2
721,1557c370eb0819635e00d182e8467ec2.jpg,2
722,64eea59a6dd63633e6369ede2d82a113.jpg,2
723,e85753ab38a6fb901e6c7b01f885346f.jpg,2
724,64a18a57dda5dac3914af5d7da77ed9b.jpg,2
725,b669c2a7fde590038043fb7b44743293.jpg,2
726,81d308bb2ef52d14b094ae3a5338d974.jpg,2
727,eeae602e2dc38d40244feb464d19e334.jpg,2
728,2292079e4a11c0048be17778d2791812.jpg,2
729,dbcb22add46dcf02b4b6f6108cc18c84.jpg,2
730,8132b5e7e1cf443964b1800a108b8a4f.jpg,2
731,a5403eb80031bf6ab1a953e4584123bf.jpg,2
732,8035c14bc4c52bf279f2e35b46c3abb4.jpg,2
733,8b593114e94c6fb4f1afbcfd553769d0.jpg,2
734,0b31bcc257d5f888290be9ffec425313.jpg,2
735,d65a9eeafc7e0ebefa4a578a667aed4b.jpg,2
736,5561c5cf3c9040d286b106a158ae66c2.jpg,2
737,0e67bb3ced4ec8cb4544bfc864139322.jpg,2
738,10cec873ed5e11f5ac4025588fd3287c.jpg,2
739,0ca76fc31241e85096c7ba3820d2ecc1.jpg,2
740,d8aae8a2f413294e71ed5b0fa336bd64.jpg,2
741,3c786af8370bf4bbc6ef68f994560700.jpg,2
742,bcc83e2f6fccd85c2e7de72aa4a12543.jpg,2
743,f1d3d560e64beadf879416a8bc007443.jpg,2
744,8e39ef71e11bdc14dff9c027dc1eb24f.jpg,2
745,e3fae5617ff7c1cfa38d57aa1f3ce15c.jpg,2
746,2f21bfef4ca006dc5ee2193e1ce84179.jpg,2
747,9f08c28fd093086381a63318a6c66af9.jpg,2
748,8cf99bf5bf81953b132bd9cca445773f.jpg,2
749,582ac1bf7fc37af14437b7f08076f1d7.jpg,2
750,af79399f4f04b50dcf3790aa4f5b17e8.jpg,2
751,72e50272ac3d1a3e58b06fb6da5abd78.jpg,2
752,df0f85247f459f09a60ca14e29ec1c74.jpg,2
753,47058cdd10fef30b9e7545a6b24e0175.jpg,2
754,75eed6f23170a72255483cd73b0ce804.jpg,2
755,e96802b93719d60148cbaf5f80160256.jpg,2
756,d2d9d46b1fefd349c9be640e5f9e405a.jpg,2
757,e42fe376dcab1cc466fee745f2cbcfa4.jpg,2
758,d6303aced9af0cacc167e6e9c2f19011.jpg,2
759,dd7f024e2aad8d1f7938b7a7f4d9d1db.jpg,2
760,8d2fea0ad4053820be7e377e728b2ae6.jpg,2
761,3d2d3a0768f6cf817bd2a7ab07acda68.jpg,2
762,9e303462a28772de05a3304639e2cc25.jpg,2
763,a04b332c63da085d0663c1865919560a.jpg,2
764,a86f228d6fabc2249db7c6606523722b.jpg,2
765,af0b8bbe9e7b55cb15a20defb180f27c.jpg,2
766,669af3cbfb6b89e064b012fa95e68610.jpg,2
767,3a08611bd5c117f58ffe5a02ab06d7db.jpg,2
768,b24e724b879cd50d207bca901c718d83.jpg,2
769,b4885ab38fd4107d4ab93d2890789e0b.jpg,2
770,3eeb5a6064a63688530abc08aa6d0201.jpg,2
771,c4698836c7f595dab0b6fc07fc2fd16f.jpg,2
772,1049e327cf14f535df0e9c52509ce82e.jpg,0
773,845387c248053eaf16586b1ea8d370eb.jpg,0
774,69aaf02246f44c86b55f6f53294a1d8c.jpg,0
775,5de51fcc4b5d55a090f85fee6997b92d.jpg,2
776,e0861cd0220186f0c5329dd28e3a63f1.jpg,0
777,d8bdd0a35d3ba3a3a4f57aad342e2c8b.jpg,0
778,18bd02df4fc218feb56d0f6b40ca57b5.jpg,0
779,6f764aeb6d9561257017f5be16deba96.jpg,0
780,5b28578b1fc9a5d6978b26b016a07267.jpg,0
781,af61e40771ba9e9f958878a3ed680fd4.jpg,2
782,26fbd69b80f2602c8ff6337431a57c9e.jpg,0
783,7d9010dec993d3649910266bb6c7ea00.jpg,0
784,378564e02e8bbd0c28872c1689f52a3d.jpg,0
785,26fcc0a9ebb5c1543048af327cd99ce0.jpg,0
786,a45fed64f1adcbeb5ccb300dcba0c293.jpg,0
787,539d96b398c1ec846edcbd58d70a9f9f.jpg,0
788,d8cc9e6b410ce4370c36b3bd3125819c.jpg,0
789,06c5082c53bb1273fb09fd354ec30f4b.jpg,2
790,132d042f2b46bf1885383c223f051632.jpg,0
791,e4c204a79476911de2f93911fb4cfd56.jpg,0
792,a02327b35e4adb6e816c17d56938b99c.jpg,0
793,b4cf13ef42fa3390c70d9920e9f0de0a.jpg,0
794,4789184b3b3bf238597b5488caaef8be.jpg,0
795,e03699ccfbe9d26f6105400f590eea2d.jpg,2
796,323c48c4d65aeedf49bb5cc9e8e99d5b.jpg,0
797,bbb5ab6ec83f4f64391433fbd651c73c.jpg,0
798,125c1a2f8b60a1a670fece179ecba367.jpg,0
799,5d04efe2421874af5b7342844fb17db8.jpg,0
800,0f534f188361f6a20dbac69a38bf31bb.jpg,2
